base_symbol,base_address,chain,dex,price_usd,liquidity_usd,fdv,volume_h24,age_hours,price_change_h1,market_score,rugcheck_score_0_100,lp_locked_pct,combined_score,risk_flags,url,scanned_at
2Trucks1Pump,8wYeky27rpLy6Kz63n2chVNGcyaHwdyZkbMD8wRwpump,solana,pumpfun,0.000008069,0,8069.68,85237.38,0.4,65.78,3,72,100,12,liquidez muy baja ($0); Creator history of rugged tokens (danger),https://dexscreener.com/solana/9wjwzgot29qsedly8cqdqphqjdz8mmvd7qpr1s2gqspi,2026-09-17T20:57:45Z
LWAINZ,99FALybwLBsWUWbeyKaFg5SERNmbPuVY616XssnUS5Db,solana,raydium,0.000007736,892.02,6017,579.02,105.8,10.15,3,60,0,11,liquidez muy baja ($892); Top 10 holders high ownership (danger); Single holder ownership (danger); Low Liquidity (danger); High ownership (danger); Mutable metadata (warn),https://dexscreener.com/solana/2tutoa58zj1fqucg18jwmse21e56gjnxzzzzhhm3fvjd,2026-09-17T20:57:27Z
Hima,9R7eHckPHjvJ2yREJD7s1HfX8oGEohr58wAuk4TSpump,solana,pumpswap,0.000007952,5885.19,7753,261488.58,1.4,185,4,51,100,10,"liquidez baja ($5,885); pump vertical con 1.4h de vida (+185% en 1h); High market cap per holder (warn); Low Liquidity (warn)",https://dexscreener.com/solana/e3jhwbbbsvyy8a6kvrw48knevpeeyjstmac7jy7dtcgp,2026-09-17T20:57:43Z
memehouse,DhP29UiDnhCC9T3vTk339bTusrXo7TBeCxJGYT26xubB,solana,pumpswap,0.000004275,3788.84,4270,169588.66,0.5,-89.47,3,53,100,10,"liquidez muy baja ($3,789); High market cap per holder (warn); Low Liquidity (danger)",https://dexscreener.com/solana/2xwzzgnkdh5hghlyry3d3fmaxr4gnkkqcdpgwzuajzwk,2026-09-17T20:57:50Z
BLVINU,6dAo1eJMfaktGsi4s3wte8SJAYGLm2rRfJLntyLTSRNN,solana,raydium,0.00002774,14047.15,27742,88278.87,11.4,117,4,50,99.99999999852142,10,"liquidez baja ($14,047); pump vertical con 11.4h de vida (+117% en 1h); High market cap per holder (warn)",https://dexscreener.com/solana/hsyideymzgmqeek1xsx8xobdng9pfy32kc5pgnteqxf9,2026-09-17T20:57:52Z
SAT,CYauAxCiTrrT49Yt8BS9xEACf4ewuAk5PyG4TL3tpump,solana,pumpswap,0.000003160,2979.12,3160,141643.25,0.8,-92.42,3,53,100,10,"liquidez muy baja ($2,979); High market cap per holder (warn); Low Liquidity (danger)",https://dexscreener.com/solana/2s2vkzvbipbms4dmxr8icdy92sskjy2cdvvvrkwjtzze,2026-09-17T20:57:55Z
MPGA,54GgGZT2yrnuGEceLavia8wfDUtm5LLFJ9K9ESpApump,solana,pumpfun,0.000002860,0,2860.52,53250.65,0.8,-16.83,3,45,100,9,liquidez muy baja ($0); Creator history of rugged tokens (danger),https://dexscreener.com/solana/yvhdzs9pewwnvjanpsrrfjnb7szikxtysewg8dua17u,2026-09-17T20:57:31Z
SLABSY,DP6tmrQK996peAtwZVQZax2dxR3FXVRVZoABrfMVpump,solana,pumpswap,0.00004943,19163.27,49066,21675.12,1809.7,-2.3,1,45,99.99553098300873,7,"liquidez baja ($19,163); Creator history of rugged tokens (danger)",https://dexscreener.com/solana/4oufp97zcrtxv2tbvqdrv5vg75adazjdcfqepkczvnfe,2026-09-17T20:57:37Z
LAMA,2fWzx35rQMAATQGhJzVTvzeXHcenCQLqCog9Jkg5pump,solana,pumpswap,0.00007636,25548.11,74219,60131.7,138.0,-19.08,0,55,99.99613664807629,7,Creator history of rugged tokens (danger),https://dexscreener.com/solana/cxkwgui737v9edzkltu5aehqnwx4kntnn3ggqt9tf6wk,2026-09-17T20:57:39Z
EGOD,2roJPefsSF4zucVFUmD5XcpSHhXuQHN7ySC8CcqeFKD2,solana,raydium,0.00004539,17976.99,45396,14263.16,0.5,5.33,1,50,99.87170250980624,7,"liquidez baja ($17,977); High market cap per holder (warn)",https://dexscreener.com/solana/cmpuv2rvtvavjozok29tsjwaduwje12af6xys8dqcjzm,2026-09-17T20:57:48Z
FLOW,3M1kURavgnF4WnDNjiyCWUh7nu2S5rkoQk9WY2kS4uaz,solana,raydium,0.00005662,20778.45,56626,94708.37,0.5,40.06,0,50,99.8645878420716,6,High market cap per holder (warn),https://dexscreener.com/solana/awtj3pnehk3yeschsximlnqcsyufhscbmahktgckzzog,2026-09-17T20:57:26Z
XCHAN,5bCrnEgVDx4DRjdpgBY5eLFdiS72FpjVmGhSxBDhpump,solana,pumpswap,0.0001793,35751.18,177095,898034.73,2.0,-8.79,0,50,100,6,High market cap per holder (warn),https://dexscreener.com/solana/2wvqrsdrydcwbhthhncg7rxlvuraqkzz4tn9mjtbq9vf,2026-09-17T20:57:33Z
SOLDOG,57dbhJBNR4MPqQdgkK5S1WXesCERvgB2VqAAdFkPpump,solana,pumpswap,0.0001678,34530.82,164400,879374.2,1.1,56.39,0,50,100,6,High market cap per holder (warn),https://dexscreener.com/solana/5y7trjbgjsaorewpbulwnstvcc6sucibujkj4vy3znkx,2026-09-17T20:57:34Z
PAIDCAT,9n8rBV1L917EUSVDa9KTX2uMxvPfKZxLLtwKnYs8pump,solana,pumpswap,0.0002096,39778.26,206979,1279399.91,3.3,-19.07,0,50,99.69268380749783,6,High market cap per holder (warn),https://dexscreener.com/solana/83x1pyfkuh2qeakzeyeakw5nhjiskffvqvutgeqe2iad,2026-09-17T20:57:40Z
CATINU,5Kg7SBWfoqpj57Mkd8VsNM1ZaoLxn96MnyxFjpqppump,solana,pumpfun,0.00001402,0,14021.87,42524.8,0.3,229,6,1,100,6,liquidez muy baja ($0); pump vertical con 0.3h de vida (+229% en 1h),https://dexscreener.com/solana/dhx5va7jjgfpxyhhvj4xwacsz8drp8z7thkyf9zu1zpm,2026-09-17T20:57:42Z
404INU,ECt8tGM5x2aCJSUVTrUW1VboCZSnUahS5Qswp2BeiomR,solana,raydium,0.00006807,22599.05,68078,67056.69,0.4,67.99,0,50,100,6,High market cap per holder (warn),https://dexscreener.com/solana/5keakylvkstgapxqujzwrkdhuccbps5lofvi6npcthnl,2026-09-17T20:57:44Z
SeedSigner,4xyW24Yo348biFjQWZtGUEAhYG1HNvZQM6fx7vq2Xouj,solana,pumpfun,0.000008297,0,8297.21,31670.77,0.8,116,6,1,100,6,liquidez muy baja ($0); pump vertical con 0.8h de vida (+116% en 1h),https://dexscreener.com/solana/hzvjpo33xqxuspec7lyu7dyfdkfyhfkfk8lr53u1h43a,2026-09-17T20:57:53Z
POOMA,bJ657bKapGpwtfv4vQSqBv4EMmZgVDFgR1kE3PQpump,solana,pumpfun,0.000003282,0,3282.66,48657.53,0.7,-3.85,3,1,0,3,liquidez muy baja ($0),https://dexscreener.com/solana/6minel4ddnpdvyvepzah3hxcwlci1vrut6qryxtbj4ib,2026-09-17T20:57:51Z
PIMSY,3QgWjdJotLBfjqREYvc8xbQbPu6DwKTcaC8BAETUnpBa,solana,pumpfun,0.000003638,0,3638.92,43610.04,0.8,-61.72,3,1,100,3,liquidez muy baja ($0),https://dexscreener.com/solana/6tkq7wvbyrniqytbhwlfepfkhrkgx1gwadafjhki8fao,2026-09-17T20:57:51Z
Garry,5FeMuXkgniyk52Hoa39yh5wPbNvmqG7XVGjJUPGgpump,solana,pumpfun,0.000003142,0,3142.15,75504.76,0.8,-59.61,3,1,100,3,liquidez muy baja ($0),https://dexscreener.com/solana/7o1th3pjxsuuujgd4fknkkrgnzr5d914phjiz1kdmne9,2026-09-17T20:57:54Z
Hakes,3Jv1aPhXrGbNiZpgb1w66EnrVZAvfD3HZfthsGhQpump,solana,pumpswap,0.00001768,10271.2,17087,2478.43,521.4,26.37,1,1,100,1,"liquidez baja ($10,271)",https://dexscreener.com/solana/6xxsbxodzy2klv8bqpskebkgadvvncftewcfnytfc2oz,2026-09-17T20:57:30Z
DEGS,8HKQfbm1Unb4aLcgrXCvP2DBLfk2wtcJ2AtR7grzpcvg,solana,raydium,0.0001431,16540.45,143170,15900.45,788.6,-1.25,1,1,60.25375878571406,1,"liquidez baja ($16,540)",https://dexscreener.com/solana/g69tw3836i8od2m5vsb4g1qpr5gnok73oxxwxy4cmqw4,2026-09-17T20:57:36Z
LLD,64MWN63e19qaw2HEecX6btUJSSbWwZgrw74bjFVVpump,solana,pumpswap,0.00005471,19812.09,53019,337.84,5183.5,-1.94,1,1,99.99706909592959,1,"liquidez baja ($19,812)",https://dexscreener.com/solana/h2zmzdvwp1gwh9xf4lrm1bu4xg96sgkwjff5ntiusdhf,2026-09-17T20:57:36Z
SATS,DSgjVUFC6NA59YuxiEDSxgs6zP4jjwSuoYJ3uS7WboeH,solana,raydium,0.0001906,40193.56,190628,180943.92,95.5,-2.31,0,1,99.90082345837162,0,sin señales de riesgo detectadas,https://dexscreener.com/solana/7yszhszqm3pnzzabss3pdebjhmr6bs4cxv4udt3wjfgr,2026-09-17T20:57:28Z
TCAT,BifUDWQFpbTrSxYXBnqCpAVYgcyQGzHzJk2MDmeM2Gyv,solana,raydium,0.0006084,64094.66,608411,42171.34,166.4,-15.99,0,1,99.57456059461296,0,sin señales de riesgo detectadas,https://dexscreener.com/solana/btkfcwbq3t16sar8pn4hkeuhlv2s7vo65obqvf7eezsz,2026-09-17T20:57:29Z
STEVE,BDYQgba7FVBpqaMyMcLW1ENP81VEYwGfCs6TsC5Fpump,solana,pumpswap,0.00009558,25148.6,92728,52692.96,288.8,-17.58,0,1,100,0,sin señales de riesgo detectadas,https://dexscreener.com/solana/3x8jzuk9gt2mas2rjamushqfeqahybupb4vy1moorjpj,2026-09-17T20:57:32Z
ANT,5EpyCB2dhxpBtm4B7Ff51FguE14WEzPrFTuXbRh86ssD,solana,raydium,0.0001634,34259.36,163452,95797.43,75.8,55.44,0,1,100,0,sin señales de riesgo detectadas,https://dexscreener.com/solana/eeepwco5smoqoryeoxcyuhlr9bwo3hovh1fzfeq8uzjn,2026-09-17T20:57:35Z
$ROKHA,2jbdBWTK2MYpuRsmEDJqETU3UMM2nN3WGtete4HUpump,solana,pumpswap,0.0001241,29085.02,116283,260359.1,417.4,5.37,0,1,100,0,sin señales de riesgo detectadas,https://dexscreener.com/solana/7ozf5bww2yvjgfszgy8acko3hsjjqbpanmxbglztjwjc,2026-09-17T20:57:39Z
BAG,7pBPhnFP39W8WF7Wo5QPDvDR9avQ1me8QAUHqStHapzh,solana,raydium,0.0001643,50571.46,164391,89447.76,129.0,45.31,0,1,0,0,sin señales de riesgo detectadas,https://dexscreener.com/solana/9o6sjtyk4mhstm5bvuvnmpnqtk1rqravbarex2mtatzd,2026-09-17T20:57:41Z
juicelee,DsqWokHaPHi6p9TtkEFryf6qBQFxYkUiGss2sFnBpump,solana,pumpswap,0.00006901,20534.74,69016,81279.87,0.8,64.33,0,1,100,0,sin señales de riesgo detectadas,https://dexscreener.com/solana/d5van4ljtfkiysa5mmeru6xxd5aytxzvrhmkrxgsz1aq,2026-09-17T20:57:47Z
NPU,8wddogYY7iXtPKZTjaqdoatHSW8BmmcicFEzsddupump,solana,meteora,0.00002380,36.53,23801,1.13,0.5,6.95,6,54,98.17131083342666,13,liquidez muy baja ($37); FDV/liquidez extremo (652x); High market cap per holder (warn); Low Liquidity (danger),https://dexscreener.com/solana/87pffcekwjcjzirpggriuuzayqlp664vnzcknghy2jcz,2026-09-18T10:25:15Z
DEX,9dEnA413q8LLg9jhk12h4e2DRKSnPQ2T3wiszvcyWwsP,solana,pumpfun,,0,0,0,6.2,0,3,67,100,11,liquidez muy baja ($0); Creator history of rugged tokens (danger),https://dexscreener.com/solana/hch8wjmf8jpevkaqi8cj1uzmsqsjwbrmgr51rj6uqcm2,2026-09-18T10:25:10Z
$THC,8DVEh2yo3iTqQThHp5Twnhf9Tq4M3SQG2ZdVPcu1pump,solana,pumpfun,0.000007983,0,7983.3,901.86,3406.4,19.11,3,53,100,10,liquidez muy baja ($0); Creator history of rugged tokens (danger),https://dexscreener.com/solana/5qlsfjur82mwbijw43uxlztm56nqvpm3yt78qkdv2p9h,2026-09-18T10:25:01Z
XDOG,937pkCPPz1X7rbCxKnnhQRejMBiGi8p7BSHcjcKHpump,solana,pumpswap,0.000002119,2220.42,2082,428956.93,3.6,0.02,3,54,100,10,"liquidez muy baja ($2,220); High market cap per holder (warn); Low Liquidity (danger)",https://dexscreener.com/solana/8zpemkjjiuojgrca8py3sgthphxupsbbeczzh4gbgbk9,2026-09-18T10:25:07Z
Social,C5iQf1noqm6vPTdy823CQR6MaPrKdNKCwRpDEBVpump,solana,pumpswap,0.000002734,2664.94,2525,74096.88,7.5,-1.28,3,53,100,10,"liquidez muy baja ($2,665); High market cap per holder (warn); Low Liquidity (danger)",https://dexscreener.com/solana/g5mpeqfbagsuvt3nofxbf4ktcyiiw7q9ghfvmkl5mgby,2026-09-18T10:25:13Z
PiPa,DGEhE7kAvaFkacmtsKpHkvcY1aijX1TzGFYWWvo4pump,solana,pumpswap,0.000002642,2718.46,2643,372444.29,0.2,-93.75,3,53,100,10,"liquidez muy baja ($2,718); High market cap per holder (warn); Low Liquidity (danger)",https://dexscreener.com/solana/g3qjobpbkal2zzncucgutah7g3mbhmgurz9yvtarjfzn,2026-09-18T10:25:14Z
GBAGS,HQQgg3RmQTsmXAitLE1SNE29poHGiQ1bbpdEn9FEpump,solana,pumpswap,0.000002390,2731.02,2330,1304350.45,1.2,-97.49,3,53,99.78610376420434,10,"liquidez muy baja ($2,731); High market cap per holder (warn); Low Liquidity (danger)",https://dexscreener.com/solana/fq4xjzhm7kagaa2vhnsmxbdpwmqnbq6hpoyzkzxxw3c4,2026-09-18T10:25:21Z
MAYA,FfnrjpS4oKVcRTEx5vTQwenefFN2699bmKaaoA4bpump,solana,pumpswap,0.000002164,2330.42,2126,731886.21,1.3,-99.06,3,53,0,10,"liquidez muy baja ($2,330); High market cap per holder (warn); Low Liquidity (danger)",https://dexscreener.com/solana/4h5rw27deqsvxsksymanly4voupsrvrbtkz9zrr96qz5,2026-09-18T10:25:24Z
LFOWN,5gDnzAC4EEFmTjFzFjHUXS7wx5Cdvi2NTKGZT61meta,solana,meteora,0.05979,154800.57,771328,177641.54,239.9,34.75,0,72,0,9,Mint Authority still enabled (danger); Low Liquidity (danger); Mutable metadata (warn),https://dexscreener.com/solana/debwvgrdky3widwrtcvs22bh1vqgglocnfsmzmpbfdx9,2026-09-18T10:25:19Z
STREAMED,DDkRu4m2BihseXpkdicfMJ8WZHHhHZ8MKKWEnu1aLive,solana,pumpswap,0.000007645,5810.11,7118,306590.23,6.9,-1.78,1,51,99.99999083529386,7,"liquidez baja ($5,810); High market cap per holder (warn); Low Liquidity (warn)",https://dexscreener.com/solana/gg6sbtsarw9lfh2srg3dhvfmms9w5hkorlrvobdqtyvi,2026-09-18T10:25:05Z
uPUMP,SYLxv8TvHf5uAzAFhnTvyoYyxAuGYpjN3qYVWE6pump,solana,pumpswap,0.00003639,15037.19,36398,321008.43,0.5,-16.93,1,50,99.81069127089862,7,"liquidez baja ($15,037); High market cap per holder (warn)",https://dexscreener.com/solana/dkbycbkzrmgzhuahcwo4sp4rahyyxbtch2lvmzfexry3,2026-09-18T10:25:22Z
MOOSE,7fod2HBBZPw7aP1VgWEY4CbcLpA5jnyCAuYrDprYrZZs,solana,raydium,0.0001271,30789.2,127171,150325.49,34.6,-15.96,0,50,99.9993635901426,6,High market cap per holder (warn),https://dexscreener.com/solana/2utedavmvtcqycbivcpgrgnhpeadrkcpajug2fmffv9e,2026-09-18T10:25:06Z
HYLOCAT,4SF5QyYSWPXnQMrQk4t1yQnbzGK6GrPtsn2nginQSTNK,solana,raydium,0.0001490,37208.25,149003,230537.03,37.0,45.12,0,50,99.97351096881553,6,High market cap per holder (warn),https://dexscreener.com/solana/amuffyyej7cqwss5s2z32vldsyqwo7mqu1gbzzox6hzg,2026-09-18T10:25:22Z
ARCDEV,AqGyamSkdVxstr1PdW66Z9cEr4TgagTreFjxtvf8CvRw,solana,pumpfun,0.000002984,0,2984.34,892.6,30.8,-6.3,3,1,100,3,liquidez muy baja ($0),https://dexscreener.com/solana/8kvyw46kv1dljt3yrcgjzjsmjexpg5gacydnre6qrjmu,2026-09-18T10:25:08Z
BOOSTS,9qE3NdMsBn3ktfjdZoCzFEA2xbHajwbqsrMr47bFzfK2,solana,pumpfun,,0,0,0,6.3,0,3,1,100,3,liquidez muy baja ($0),https://dexscreener.com/solana/gosy7wrer2975kcevbpfiszwutaumewhhbtebbvmzwt9,2026-09-18T10:25:08Z
Raccoon,577BPTNWrJsMhSf5HBdVUjjuFqLJfHSHGcyw1447pump,solana,pumpfun,0.000009797,0,9797.4,36635.9,0.1,85.14,3,1,100,3,liquidez muy baja ($0),https://dexscreener.com/solana/afifugjmv8bksjkpmasctcvq83amdaw57hansxcqzdek,2026-09-18T10:25:14Z
JAMES,A94LELqXmx2jqrdj1NzMkjT5wEKchihsJN9w9wqPpump,solana,pumpfun,0.000004191,0,4191.27,138017.64,0.7,4.33,3,1,100,3,liquidez muy baja ($0),https://dexscreener.com/solana/4mys6vrtbg9fmzknzxbtpm2borw2pkwpt86grrll5jdy,2026-09-18T10:25:16Z
kaRAT,4wMsC8i17A736EVh4sY4ak9WzCQRxdrSovSZP9Q4pump,solana,pumpswap,,0,0,0,113.6,7.98,3,1,99.97071937650811,3,liquidez muy baja ($0),https://dexscreener.com/solana/9uj6yeygz58kv4maokxb87gqnprghgatzc57wa2kdpqw,2026-09-18T10:25:17Z
JevBot,23pR818wV3h2aPqh8Tvvb89SwW28MqSUmMpLDUb2pump,solana,pumpfun,0.000003096,0,3096.21,25764.66,0.8,-13.42,3,1,100,3,liquidez muy baja ($0),https://dexscreener.com/solana/27tx8ovzqtpplks94mzb1reh8n4cwbxkcrbqsbmm44ua,2026-09-18T10:25:18Z
TILCAYO,9BRyuhJFredj7NZG64w2s7WFuoVaXYPdGfr8a3eTpump,solana,pumpfun,,0,0,0,12.7,0,3,1,100,3,liquidez muy baja ($0),https://dexscreener.com/solana/9rhzdr2v9jemcfcm7u6byzlunpqvjvj5eyebk3uwnb3j,2026-09-18T10:25:20Z
TIGRINO,91ryaCo5yGpYZM3bs6GUPs97VWJQj7RozBmqPULgpump,solana,pumpfun,0.00001058,0,10585.93,74633.61,1.3,-6.89,3,1,0,3,liquidez muy baja ($0),https://dexscreener.com/solana/f9njnkcwvmfcsovgpyhcfi9cj2a2tamy8ykdjw7zsaeh,2026-09-18T10:25:23Z
PEPE,c4YfFpRo6kmRQWZTHrJvaF6wNiRxvAaRaJwgtBsPjDK,solana,pumpfun,0.000003408,0,3408.96,122678.44,1.4,-12.45,3,1,100,3,liquidez muy baja ($0),https://dexscreener.com/solana/g7kcvj1zhwnernvr4q5jv85mkbvwp4opgzjtg7dtr731,2026-09-18T10:25:25Z
SISCAT,2667awHM5dugyULLPq2wQgEExXXa7hHfrpwefFqNpump,solana,pumpfun,0.00001072,0,10727.33,30927.74,3.3,3.28,3,1,100,3,liquidez muy baja ($0),https://dexscreener.com/solana/drcxmkyuwcshfydtltts9hwxyxlkausfvw9uuu3ra3wt,2026-09-18T10:25:26Z
CANDLE ,9wajV6qL342kpEaV3J2WXWexeajFFvJVcBXXSLebpump,solana,pumpswap,0.00004271,16064.53,41001,4257.32,227.6,0.86,1,1,100,1,"liquidez baja ($16,065)",https://dexscreener.com/solana/fldxsunpdz79n5xzeycpkyekpgekubpnv6uoo5hkhnjt,2026-09-18T10:25:09Z
ニーナ,4775QEyTS7ECpvhbeEg1a5XUjpK6CtEJwRpw6vvwpump,solana,pumpswap,0.0001673,37997.99,162680,285326.92,113.4,-4.76,0,1,99.9883363467562,0,sin señales de riesgo detectadas,https://dexscreener.com/solana/f7ec4mc9rcrgyfeyhb1gfxjxegsco87delpxndka4jza,2026-09-18T10:25:02Z
Alpaca,FfgtU4bMte3JRZGX7kcNVywxiGoSqUTga8eZxTSFpump,solana,raydium,0.0001114,48677.57,107335,981.33,16548.4,0.9,0,1,99.99993512354182,0,sin señales de riesgo detectadas,https://dexscreener.com/solana/amzjqtcjfxqnzerkhgr4b9uswj5mtb3n5dhah5zbmriz,2026-09-18T10:25:03Z
WOW,72yxYmhLgDGwdyi2b9GjDynBB6VuG3kDxNKqDbzXh5bi,solana,raydium,0.0006943,74470.79,694329,339668.77,96.4,-0.95,0,1,96.81531772447164,0,sin señales de riesgo detectadas,https://dexscreener.com/solana/lez2dh1y7bqzaghybxqkb6fnxobkqpspihv3emklbrv,2026-09-18T10:25:04Z
SXM,GsN18GJ2zWoMh32QENu3rwH3iPYzF3SmJxaAnaAopump,solana,pumpswap,0.00009130,24417.21,87361,77260.32,8.4,8.34,0,1,100,0,sin señales de riesgo detectadas,https://dexscreener.com/solana/69bgzg97dpenqoxnr9dfuycatfteunsh5kggawwgs6uz,2026-09-18T10:25:11Z
$Gatto,25Lrwta8CGeMt3pmxy7DivhJzRzBp5Ne76bdaxbPpump,solana,pumpswap,0.00006906,20895.71,65857,35470.79,6.6,23.86,0,1,100,0,sin señales de riesgo detectadas,https://dexscreener.com/solana/8wptptnyqkjgzuxrhopar4z323rauaoagrraruumjymn,2026-09-18T10:25:12Z
2Trucks1Pump,8wYeky27rpLy6Kz63n2chVNGcyaHwdyZkbMD8wRwpump,solana,pumpfun,0.000004439,0,4439.22,93647.26,13.9,0.27,3,1,99.98364549207054,3,liquidez muy baja ($0),https://dexscreener.com/solana/9wjwzgot29qsedly8cqdqphqjdz8mmvd7qpr1s2gqspi,2026-09-18T10:27:29Z
NPU,8wddogYY7iXtPKZTjaqdoatHSW8BmmcicFEzsddupump,solana,meteora,0.00002439,36.97,24390,1.83,1.3,9.6,6,54,97.81981410672961,True,13,liquidez muy baja ($37); FDV/liquidez extremo (660x); High market cap per holder (warn); Low Liquidity (danger),https://dexscreener.com/solana/87pffcekwjcjzirpggriuuzayqlp664vnzcknghy2jcz,2026-09-18T11:13:29Z,False,"liquidez < $3,000; RugCheck marca al menos un riesgo 'danger'; varias señales de riesgo de mercado (posible pump/wash trading)"
HYPECAT,D4mjHnqH6bx5ukF2teAtFtuv4ktU8mrX6ZqquFRzpump,solana,meteora,0.00001624,28.21,16245,0.23,0.1,-2.32,6,50,99.69915910789292,False,12,liquidez muy baja ($28); FDV/liquidez extremo (576x); High market cap per holder (warn),https://dexscreener.com/solana/ff6kjv5usmeherwkus7w656fcv6mqdfmqaaeftbmqrer,2026-09-18T11:13:20Z,False,"liquidez < $3,000; varias señales de riesgo de mercado (posible pump/wash trading)"
DEX,9dEnA413q8LLg9jhk12h4e2DRKSnPQ2T3wiszvcyWwsP,solana,pumpfun,,0,0,0,7.0,0,3,67,0,True,11,liquidez muy baja ($0); Creator history of rugged tokens (danger),https://dexscreener.com/solana/hch8wjmf8jpevkaqi8cj1uzmsqsjwbrmgr51rj6uqcm2,2026-09-18T11:13:18Z,False,"liquidez < $3,000; RugCheck marca al menos un riesgo 'danger'; solo 0% de liquidez bloqueada"
$THC,8DVEh2yo3iTqQThHp5Twnhf9Tq4M3SQG2ZdVPcu1pump,solana,pumpfun,0.000007813,0,7813.08,1112.56,3407.2,-2.93,3,53,100,True,10,liquidez muy baja ($0); Creator history of rugged tokens (danger),https://dexscreener.com/solana/5qlsfjur82mwbijw43uxlztm56nqvpm3yt78qkdv2p9h,2026-09-18T11:13:09Z,False,"edad > 48.0h; liquidez < $3,000; RugCheck marca al menos un riesgo 'danger'"
STREAMED,DDkRu4m2BihseXpkdicfMJ8WZHHhHZ8MKKWEnu1aLive,solana,pumpswap,0.000004390,3941.23,4087,307577.05,7.7,-43.03,3,53,99.99998661323227,True,10,"liquidez muy baja ($3,941); High market cap per holder (warn); Low Liquidity (danger)",https://dexscreener.com/solana/gg6sbtsarw9lfh2srg3dhvfmms9w5hkorlrvobdqtyvi,2026-09-18T11:13:12Z,False,RugCheck marca al menos un riesgo 'danger'
XDOG,937pkCPPz1X7rbCxKnnhQRejMBiGi8p7BSHcjcKHpump,solana,pumpswap,0.000002138,2240.21,2102,428975.58,4.4,0.94,3,54,100,True,10,"liquidez muy baja ($2,240); High market cap per holder (warn); Low Liquidity (danger)",https://dexscreener.com/solana/8zpemkjjiuojgrca8py3sgthphxupsbbeczzh4gbgbk9,2026-09-18T11:13:14Z,False,"liquidez < $3,000; RugCheck marca al menos un riesgo 'danger'"
PiPa,DGEhE7kAvaFkacmtsKpHkvcY1aijX1TzGFYWWvo4pump,solana,pumpswap,0.000002139,2257.51,2075,372851.66,1.0,-95.37,3,54,100,True,10,"liquidez muy baja ($2,258); High market cap per holder (warn); Low Liquidity (danger)",https://dexscreener.com/solana/g3qjobpbkal2zzncucgutah7g3mbhmgurz9yvtarjfzn,2026-09-18T11:13:28Z,False,"liquidez < $3,000; RugCheck marca al menos un riesgo 'danger'"
LFOWN,5gDnzAC4EEFmTjFzFjHUXS7wx5Cdvi2NTKGZT61meta,solana,meteora,0.07432,182265.84,958752,449591.86,240.7,18.27,0,72,0,True,9,Mint Authority still enabled (danger); Low Liquidity (danger); Mutable metadata (warn),https://dexscreener.com/solana/debwvgrdky3widwrtcvs22bh1vqgglocnfsmzmpbfdx9,2026-09-18T11:13:33Z,False,edad > 48.0h; RugCheck marca al menos un riesgo 'danger'; solo 0% de liquidez bloqueada
MeiMei,CWaGFU2xboUfSx3TN7WytRcHKvccFjvqPPK9LWWwpump,solana,pumpswap,0.00004733,17057.61,47331,114562.12,0.3,11.6,1,50,100,False,7,"liquidez baja ($17,058); High market cap per holder (warn)",https://dexscreener.com/solana/dbyazrjjkgb4qts9efdg8qnwvn5n4e61qqmc5h2vdfpc,2026-09-18T11:13:22Z,True,
Merv,4zM8m2RYhtyUxLqd6VVWxAA8dg5WmyNpRSJUGtCbpump,solana,pumpswap,0.00001326,8395.84,13182,688142.96,1.0,-87.95,1,50,100,False,7,"liquidez baja ($8,396); High market cap per holder (warn)",https://dexscreener.com/solana/4kz6cejcryqqceogoy3l9sjjc1drrq32irjrpsgydbtc,2026-09-18T11:13:24Z,True,
ZECOLOGY,GsrHFN2qwJidVxppDSbHaywNF8F8woiJn32pgpXbKvDr,solana,raydium,0.00002387,12953.08,23879,42729.12,1.4,4.75,1,50,97.92054488463913,False,7,"liquidez baja ($12,953); High market cap per holder (warn)",https://dexscreener.com/solana/7uwa93vjdyyzfecr5v8enarm45d6xtbunuircf6mkowj,2026-09-18T11:13:25Z,True,
Uranus,9w6XCPQDKpiiuQY6MFBfuawUEpxpbNvsVyLq1RJgjupx,solana,meteora,0.00004270,24090.31,42701,434238.69,13.4,-7.43,0,50,0,False,6,High market cap per holder (warn),https://dexscreener.com/solana/11ur6brh3tmcmrvk9qm2dsvc1pgefgn9mnhjdkwhjtm,2026-09-18T11:13:08Z,False,solo 0% de liquidez bloqueada
MOOSE,7fod2HBBZPw7aP1VgWEY4CbcLpA5jnyCAuYrDprYrZZs,solana,raydium,0.0001214,30633.45,121418,150398.18,35.4,-6.61,0,50,99.99932796202881,False,6,High market cap per holder (warn),https://dexscreener.com/solana/2utedavmvtcqycbivcpgrgnhpeadrkcpajug2fmffv9e,2026-09-18T11:13:13Z,True,
VOFI,vofiPydP5yGMqgxUe9QUHKW7iWbesfRQ6kNomf7VQK9,solana,meteora,0.001883,38818.22,1883567,3147.01,28.1,0.02,0,50,100,False,6,High market cap per holder (warn),https://dexscreener.com/solana/fxcfwqt9i91cd66svlidel8ri6jhdwtcfpagsivczeup,2026-09-18T11:13:27Z,True,
Raccoon,577BPTNWrJsMhSf5HBdVUjjuFqLJfHSHGcyw1447pump,solana,pumpfun,0.00001393,0,13935.26,64134.07,0.9,163,6,1,100,False,6,liquidez muy baja ($0); pump vertical con 0.9h de vida (+163% en 1h),https://dexscreener.com/solana/afifugjmv8bksjkpmasctcvq83amdaw57hansxcqzdek,2026-09-18T11:13:27Z,False,"liquidez < $3,000; varias señales de riesgo de mercado (posible pump/wash trading)"
ARCDEV,AqGyamSkdVxstr1PdW66Z9cEr4TgagTreFjxtvf8CvRw,solana,pumpfun,0.000002984,0,2984.34,892.6,31.6,0,3,1,100,False,3,liquidez muy baja ($0),https://dexscreener.com/solana/8kvyw46kv1dljt3yrcgjzjsmjexpg5gacydnre6qrjmu,2026-09-18T11:13:15Z,False,"liquidez < $3,000"
BOOSTS,9qE3NdMsBn3ktfjdZoCzFEA2xbHajwbqsrMr47bFzfK2,solana,pumpfun,,0,0,0,7.1,0,3,1,100,False,3,liquidez muy baja ($0),https://dexscreener.com/solana/gosy7wrer2975kcevbpfiszwutaumewhhbtebbvmzwt9,2026-09-18T11:13:16Z,False,"liquidez < $3,000"
purrp,8PDAhf3WoZiJNneK9cRCnExKw3UmMaSnCiXC1MnyJGwG,solana,pumpfun,,0,0,0,0.5,0,3,1,99.31315809036165,False,3,liquidez muy baja ($0),https://dexscreener.com/solana/bzcpzj2kaqwyryqwgksdcnqfzkvlg16mywzufhhgjzb8,2026-09-18T11:13:21Z,False,"liquidez < $3,000"
GPU,CRkx9U74JHvuMubwVgR235a3v3uN4xrnA6EeRd9Ypump,solana,pumpfun,,0,0,0,0.7,0,3,1,100,False,3,liquidez muy baja ($0),https://dexscreener.com/solana/g7l4ox4ejoctufk5dcwmuj45wnyzewikmmy2m2vm13za,2026-09-18T11:13:23Z,False,"liquidez < $3,000"
KNICKS,CApNcLD7V9YqnEiirpCz9MMPHdw57gbbx5bB9xagSeKv,solana,pumpfun,0.000004149,0,4149.22,39206.61,1.0,-53.25,3,1,100,False,3,liquidez muy baja ($0),https://dexscreener.com/solana/hxgce42fiegqpuyo8tdj9qutyrc8dzukbyjmijc2dccf,2026-09-18T11:13:26Z,False,"liquidez < $3,000"
JAMES,A94LELqXmx2jqrdj1NzMkjT5wEKchihsJN9w9wqPpump,solana,pumpfun,0.000003292,0,3292.84,138622.39,1.5,-51.19,3,1,100,False,3,liquidez muy baja ($0),https://dexscreener.com/solana/4mys6vrtbg9fmzknzxbtpm2borw2pkwpt86grrll5jdy,2026-09-18T11:13:30Z,False,"liquidez < $3,000"
kaRAT,4wMsC8i17A736EVh4sY4ak9WzCQRxdrSovSZP9Q4pump,solana,pumpswap,,0,0,0,114.4,-6.52,3,1,99.96973115942892,False,3,liquidez muy baja ($0),https://dexscreener.com/solana/9uj6yeygz58kv4maokxb87gqnprghgatzc57wa2kdpqw,2026-09-18T11:13:31Z,False,"edad > 48.0h; liquidez < $3,000"
JevBot,23pR818wV3h2aPqh8Tvvb89SwW28MqSUmMpLDUb2pump,solana,pumpfun,0.000003025,0,3025.84,25802.97,1.6,-2.27,3,1,100,False,3,liquidez muy baja ($0),https://dexscreener.com/solana/27tx8ovzqtpplks94mzb1reh8n4cwbxkcrbqsbmm44ua,2026-09-18T11:13:32Z,False,"liquidez < $3,000"
CANDLE ,9wajV6qL342kpEaV3J2WXWexeajFFvJVcBXXSLebpump,solana,pumpswap,0.00004225,15974.75,40557,4256.36,228.4,-0.36,1,1,0,False,1,"liquidez baja ($15,975)",https://dexscreener.com/solana/fldxsunpdz79n5xzeycpkyekpgekubpnv6uoo5hkhnjt,2026-09-18T11:13:17Z,False,edad > 48.0h; solo 0% de liquidez bloqueada
$Gatto,25Lrwta8CGeMt3pmxy7DivhJzRzBp5Ne76bdaxbPpump,solana,pumpswap,0.00005585,18546.31,53258,40462.05,7.4,-20.71,1,1,0,False,1,"liquidez baja ($18,546)",https://dexscreener.com/solana/8wptptnyqkjgzuxrhopar4z323rauaoagrraruumjymn,2026-09-18T11:13:19Z,False,solo 0% de liquidez bloqueada
ニーナ,4775QEyTS7ECpvhbeEg1a5XUjpK6CtEJwRpw6vvwpump,solana,pumpswap,0.0001373,34135.83,133530,284598.9,114.2,-20.03,0,1,99.9882629688649,False,0,sin señales de riesgo detectadas,https://dexscreener.com/solana/f7ec4mc9rcrgyfeyhb1gfxjxegsco87delpxndka4jza,2026-09-18T11:13:10Z,False,edad > 48.0h
Alpaca,FfgtU4bMte3JRZGX7kcNVywxiGoSqUTga8eZxTSFpump,solana,raydium,0.0001110,48401.79,106926,997.71,16549.2,-0.5,0,1,99.99993631561505,False,0,sin señales de riesgo detectadas,https://dexscreener.com/solana/amzjqtcjfxqnzerkhgr4b9uswj5mtb3n5dhah5zbmriz,2026-09-18T11:13:10Z,False,edad > 48.0h
WOW,72yxYmhLgDGwdyi2b9GjDynBB6VuG3kDxNKqDbzXh5bi,solana,raydium,0.0007766,78692.88,776562,333341.14,97.2,12.95,0,1,96.9008716484217,False,0,sin señales de riesgo detectadas,https://dexscreener.com/solana/lez2dh1y7bqzaghybxqkb6fnxobkqpspihv3emklbrv,2026-09-18T11:13:11Z,False,edad > 48.0h
SXM,GsN18GJ2zWoMh32QENu3rwH3iPYzF3SmJxaAnaAopump,solana,pumpswap,0.00009075,24257.83,86838,80531.15,9.2,1.05,0,1,100,False,0,sin señales de riesgo detectadas,https://dexscreener.com/solana/69bgzg97dpenqoxnr9dfuycatfteunsh5kggawwgs6uz,2026-09-18T11:13:18Z,True,
2Trucks1Pump,8wYeky27rpLy6Kz63n2chVNGcyaHwdyZkbMD8wRwpump,solana,pumpfun,0.000004594,0,4594.46,93698.47,14.9,3.5,3,1,99.98632914747427,False,3,liquidez muy baja ($0),https://dexscreener.com/solana/9wjwzgot29qsedly8cqdqphqjdz8mmvd7qpr1s2gqspi,2026-09-18T11:27:01Z
2Trucks1Pump,8wYeky27rpLy6Kz63n2chVNGcyaHwdyZkbMD8wRwpump,solana,pumpfun,0.000004594,0,False,4594.46,93698.47,14.9,3.5,0,1,0,False,0,liquidez no reportada por DexScreener (par cotizado contra un token no estándar),https://dexscreener.com/solana/9wjwzgot29qsedly8cqdqphqjdz8mmvd7qpr1s2gqspi,2026-09-18T11:28:44Z
2Trucks1Pump,8wYeky27rpLy6Kz63n2chVNGcyaHwdyZkbMD8wRwpump,solana,pumpfun,0.000004594,0,False,4594.46,93698.47,14.9,3.5,0,1,99.98632914747425,False,0,liquidez no reportada por DexScreener (par cotizado contra un token no estándar),https://dexscreener.com/solana/9wjwzgot29qsedly8cqdqphqjdz8mmvd7qpr1s2gqspi,2026-09-18T11:28:56Z
2Trucks1Pump,8wYeky27rpLy6Kz63n2chVNGcyaHwdyZkbMD8wRwpump,solana,pumpfun,0.000004594,0,False,4594.46,93698.47,14.9,3.5,0,1,0,False,0,liquidez no reportada por DexScreener (par cotizado contra un token no estándar),https://dexscreener.com/solana/9wjwzgot29qsedly8cqdqphqjdz8mmvd7qpr1s2gqspi,2026-09-18T11:29:28Z
2Trucks1Pump,8wYeky27rpLy6Kz63n2chVNGcyaHwdyZkbMD8wRwpump,solana,pumpfun,0.000004594,0,False,4594.46,93698.47,15.0,3.5,0,1,0,False,0,liquidez no reportada por DexScreener (par cotizado contra un token no estándar),https://dexscreener.com/solana/9wjwzgot29qsedly8cqdqphqjdz8mmvd7qpr1s2gqspi,2026-09-18T11:30:07Z
HYPECAT,D4mjHnqH6bx5ukF2teAtFtuv4ktU8mrX6ZqquFRzpump,solana,meteora,0.000009335,21.37,True,9335,3.61,0.5,-43.87,6,53,99.53884543497219,True,13,1,False,1,redes enlazadas: twitter (1),liquidez muy baja ($21); FDV/liquidez extremo (437x); High market cap per holder (warn); Low Liquidity (danger),https://dexscreener.com/solana/ff6kjv5usmeherwkus7w656fcv6mqdfmqaaeftbmqrer,2026-09-18T11:38:18Z,False,"liquidez < $3,000; RugCheck marca al menos un riesgo 'danger'; varias señales de riesgo de mercado (posible pump/wash trading)"
NPU,8wddogYY7iXtPKZTjaqdoatHSW8BmmcicFEzsddupump,solana,meteora,0.00002439,36.97,True,24390,1.83,1.7,-3.75,6,54,98.66590497952326,True,13,3,True,1,web verificada OK (https://en.wikipedia.org/wiki/Neural_processing_unit); redes enlazadas: twitter (1),liquidez muy baja ($37); FDV/liquidez extremo (660x); High market cap per holder (warn); Low Liquidity (danger),https://dexscreener.com/solana/87pffcekwjcjzirpggriuuzayqlp664vnzcknghy2jcz,2026-09-18T11:38:34Z,False,"liquidez < $3,000; RugCheck marca al menos un riesgo 'danger'; varias señales de riesgo de mercado (posible pump/wash trading)"
HCAT,AE5t5QbSvn73DmQDskNKucoreHNbeKX8rVdbzA6w5En9,solana,raydium,0.0001322,33852.6,True,132270,221865.51,0.4,203,3,60,1.6933811743996135e-09,True,11,1,False,1,redes enlazadas: twitter (1),pump vertical con 0.4h de vida (+203% en 1h); Large Amount of LP Unlocked (danger); High market cap per holder (warn),https://dexscreener.com/solana/fsx2znrkrjg2o7kymvs1g8b2q8vbga1ohfgdvfaoebco,2026-09-18T11:38:11Z,False,RugCheck marca al menos un riesgo 'danger'; solo 0% de liquidez bloqueada
XDOG,937pkCPPz1X7rbCxKnnhQRejMBiGi8p7BSHcjcKHpump,solana,pumpswap,0.000002138,2240.21,True,2102,428975.58,4.8,0.94,3,54,100,True,10,0,True,2,"web enlazada pero NO responde (https://xdogcoin.site); redes enlazadas: telegram, twitter (2)","liquidez muy baja ($2,240); High market cap per holder (warn); Low Liquidity (danger)",https://dexscreener.com/solana/8zpemkjjiuojgrca8py3sgthphxupsbbeczzh4gbgbk9,2026-09-18T11:38:06Z,False,"liquidez < $3,000; RugCheck marca al menos un riesgo 'danger'"
Merv,4zM8m2RYhtyUxLqd6VVWxAA8dg5WmyNpRSJUGtCbpump,solana,pumpswap,0.000002036,2160.36,True,2024,691326.95,1.4,-98.78,3,54,100,True,10,4,True,2,"web verificada OK (https://mervthecat.fun); redes enlazadas: telegram, twitter (2)","liquidez muy baja ($2,160); High market cap per holder (warn); Low Liquidity (danger)",https://dexscreener.com/solana/4kz6cejcryqqceogoy3l9sjjc1drrq32irjrpsgydbtc,2026-09-18T11:38:22Z,False,"liquidez < $3,000; RugCheck marca al menos un riesgo 'danger'"
PiPa,DGEhE7kAvaFkacmtsKpHkvcY1aijX1TzGFYWWvo4pump,solana,pumpswap,0.000002122,2240.33,True,2059,372855.17,1.4,-2.78,3,54,100,True,10,-1,False,1,web enlazada pero NO responde (https://pinkpank.online); redes enlazadas: twitter (1),"liquidez muy baja ($2,240); High market cap per holder (warn); Low Liquidity (danger)",https://dexscreener.com/solana/g3qjobpbkal2zzncucgutah7g3mbhmgurz9yvtarjfzn,2026-09-18T11:38:32Z,False,"liquidez < $3,000; RugCheck marca al menos un riesgo 'danger'"
STREAMED,DDkRu4m2BihseXpkdicfMJ8WZHHhHZ8MKKWEnu1aLive,solana,pumpswap,0.000004610,4085.54,True,4293,307783.98,8.2,-37.65,3,52,99.9999871015823,True,9,0,False,0,sin web ni redes enlazadas en DexScreener,"liquidez muy baja ($4,086); High market cap per holder (warn); Low Liquidity (danger)",https://dexscreener.com/solana/gg6sbtsarw9lfh2srg3dhvfmms9w5hkorlrvobdqtyvi,2026-09-18T11:37:47Z,False,RugCheck marca al menos un riesgo 'danger'
MeiMei,CWaGFU2xboUfSx3TN7WytRcHKvccFjvqPPK9LWWwpump,solana,pumpswap,0.0002382,41631.65,True,238273,593084.1,0.7,462,3,50,71.32528109245997,False,9,2,False,3,"redes enlazadas: instagram, tiktok, twitter (3)",pump vertical con 0.7h de vida (+462% en 1h); High market cap per holder (warn),https://dexscreener.com/solana/dbyazrjjkgb4qts9efdg8qnwvn5n4e61qqmc5h2vdfpc,2026-09-18T11:38:18Z,True,
DEX,9dEnA413q8LLg9jhk12h4e2DRKSnPQ2T3wiszvcyWwsP,solana,pumpfun,,0,False,0,0,7.4,0,0,67,100,True,8,0,False,0,sin web ni redes enlazadas en DexScreener,liquidez no reportada por DexScreener (par cotizado contra un token no estándar); Creator history of rugged tokens (danger),https://dexscreener.com/solana/hch8wjmf8jpevkaqi8cj1uzmsqsjwbrmgr51rj6uqcm2,2026-09-18T11:38:10Z,False,"liquidez < $3,000; RugCheck marca al menos un riesgo 'danger'"
$THC,8DVEh2yo3iTqQThHp5Twnhf9Tq4M3SQG2ZdVPcu1pump,solana,pumpfun,0.000007813,0,False,7813.08,1097.75,3407.6,-2.82,0,53,100,True,7,3,True,1,web verificada OK (https://hormuzstraitmonitor.com/); redes enlazadas: twitter (1),liquidez no reportada por DexScreener (par cotizado contra un token no estándar); Creator history of rugged tokens (danger),https://dexscreener.com/solana/5qlsfjur82mwbijw43uxlztm56nqvpm3yt78qkdv2p9h,2026-09-18T11:37:42Z,False,"edad > 48.0h; liquidez < $3,000; RugCheck marca al menos un riesgo 'danger'"
USEFUL,8zMvFdiuPfmR4WmfKgm3RTM1PuzyoEENv9fjccrYpVef,solana,raydium,0.00002192,12802.46,True,21929,165052.33,0.2,-27.91,1,50,99.5094309496838,False,7,1,False,1,redes enlazadas: twitter (1),"liquidez baja ($12,802); High market cap per holder (warn)",https://dexscreener.com/solana/grgsmchuz7ekkgn9urxh1cpyqegdmpbcucuv8t37wd9o,2026-09-18T11:38:10Z,True,
UBERDRIVER,8TJ72MjUaQDmLRnueZVRA9yPV2gKPudZa2iiFZpFKbsS,solana,raydium,0.00003441,15967.38,True,34416,18723.05,0.4,-22.03,1,50,99.90393831100968,False,7,3,True,1,web verificada OK (https://thecryptobasic.com/2025/08/15/uber-drivers-know-xrp-is-the-one-says-analyst/); redes enlazadas: twitter (1),"liquidez baja ($15,967); High market cap per holder (warn)",https://dexscreener.com/solana/brmwfnslzqmvmdzdmmr5mx8b8ckusfbfqi9xnqnxqopc,2026-09-18T11:38:17Z,True,
ZECOLOGY,GsrHFN2qwJidVxppDSbHaywNF8F8woiJn32pgpXbKvDr,solana,raydium,0.00004092,17012.18,True,40922,52059.42,1.8,59.46,1,50,98.03948439854555,False,7,1,False,1,redes enlazadas: twitter (1),"liquidez baja ($17,012); High market cap per holder (warn)",https://dexscreener.com/solana/7uwa93vjdyyzfecr5v8enarm45d6xtbunuircf6mkowj,2026-09-18T11:38:23Z,True,
Norman,4PYVWqC358kpvKYDrwbniVAeUXUq6dULa27Z2TCVpump,solana,pumpswap,0.0001252,29216.25,True,125251,278746.02,0.3,63.92,0,50,100,False,6,4,True,2,"web verificada OK (https://www.normancatsol.fun); redes enlazadas: telegram, twitter (2)",High market cap per holder (warn),https://dexscreener.com/solana/fykkmngiuwhfqperhdxng6yvdqqg4dkrxmqmrwtemknk,2026-09-18T11:37:40Z,True,
Uranus,9w6XCPQDKpiiuQY6MFBfuawUEpxpbNvsVyLq1RJgjupx,solana,meteora,0.00003546,21953.22,True,35461,435793.81,13.8,-24.92,0,50,100,False,6,1,False,1,redes enlazadas: twitter (1),High market cap per holder (warn),https://dexscreener.com/solana/11ur6brh3tmcmrvk9qm2dsvc1pgefgn9mnhjdkwhjtm,2026-09-18T11:37:41Z,True,
MOOSE,7fod2HBBZPw7aP1VgWEY4CbcLpA5jnyCAuYrDprYrZZs,solana,raydium,0.0001325,32215.58,True,132555,150496.65,35.8,4.93,0,50,0,False,6,4,True,2,"web verificada OK (https://www.anonymoose.tech/); redes enlazadas: telegram, twitter (2)",High market cap per holder (warn),https://dexscreener.com/solana/2utedavmvtcqycbivcpgrgnhpeadrkcpajug2fmffv9e,2026-09-18T11:37:48Z,False,solo 0% de liquidez bloqueada
VOFI,vofiPydP5yGMqgxUe9QUHKW7iWbesfRQ6kNomf7VQK9,solana,meteora,0.001878,38770.78,True,1878963,3244.35,28.6,-0.1,0,50,100,False,6,4,True,2,"web verificada OK (https://www.vofi.live); redes enlazadas: telegram, twitter (2)",High market cap per holder (warn),https://dexscreener.com/solana/fxcfwqt9i91cd66svlidel8ri6jhdwtcfpagsivczeup,2026-09-18T11:38:28Z,True,
Raccoon,577BPTNWrJsMhSf5HBdVUjjuFqLJfHSHGcyw1447pump,solana,pumpfun,0.00001330,0,False,13300.86,65629.37,1.3,143,3,1,100,False,3,3,True,1,web verificada OK (https://x.com/ShouldHaveRacc/status/2100331951823458417); redes enlazadas: twitter (1),liquidez no reportada por DexScreener (par cotizado contra un token no estándar); pump vertical con 1.3h de vida (+143% en 1h),https://dexscreener.com/solana/afifugjmv8bksjkpmasctcvq83amdaw57hansxcqzdek,2026-09-18T11:38:30Z,False,"liquidez < $3,000"
CANDLE ,9wajV6qL342kpEaV3J2WXWexeajFFvJVcBXXSLebpump,solana,pumpswap,0.00004225,15974.75,True,40557,4256.36,228.8,0,1,1,100,False,1,3,True,1,web verificada OK (https://everlast.steede.app/); redes enlazadas: twitter (1),"liquidez baja ($15,975)",https://dexscreener.com/solana/fldxsunpdz79n5xzeycpkyekpgekubpnv6uoo5hkhnjt,2026-09-18T11:38:09Z,False,edad > 48.0h
ニーナ,4775QEyTS7ECpvhbeEg1a5XUjpK6CtEJwRpw6vvwpump,solana,pumpswap,0.0001393,34371.31,True,135395,269625.52,114.6,-5.94,0,1,99.98827386289516,False,0,2,False,2,"redes enlazadas: reddit, twitter (2)",sin señales de riesgo detectadas,https://dexscreener.com/solana/f7ec4mc9rcrgyfeyhb1gfxjxegsco87delpxndka4jza,2026-09-18T11:37:43Z,False,edad > 48.0h
Alpaca,FfgtU4bMte3JRZGX7kcNVywxiGoSqUTga8eZxTSFpump,solana,raydium,0.0001110,48401.79,True,106926,997.71,16549.6,-0.86,0,1,99.99993623843247,False,0,4,True,2,"web verificada OK (https://alpaca-sol.com/); redes enlazadas: telegram, twitter (2)",sin señales de riesgo detectadas,https://dexscreener.com/solana/amzjqtcjfxqnzerkhgr4b9uswj5mtb3n5dhah5zbmriz,2026-09-18T11:37:45Z,False,edad > 48.0h
WOW,72yxYmhLgDGwdyi2b9GjDynBB6VuG3kDxNKqDbzXh5bi,solana,raydium,0.0007638,78032.32,True,763810,333970.11,97.6,9.61,0,1,96.8627755819767,False,0,3,True,1,web verificada OK (https://www.wowgoldchain.com/); redes enlazadas: twitter (1),sin señales de riesgo detectadas,https://dexscreener.com/solana/lez2dh1y7bqzaghybxqkb6fnxobkqpspihv3emklbrv,2026-09-18T11:37:46Z,False,edad > 48.0h
ARCDEV,AqGyamSkdVxstr1PdW66Z9cEr4TgagTreFjxtvf8CvRw,solana,pumpfun,0.000002984,0,False,2984.34,892.6,32.0,0,0,1,100,False,0,0,False,0,sin web ni redes enlazadas en DexScreener,liquidez no reportada por DexScreener (par cotizado contra un token no estándar),https://dexscreener.com/solana/8kvyw46kv1dljt3yrcgjzjsmjexpg5gacydnre6qrjmu,2026-09-18T11:38:06Z,False,"liquidez < $3,000"
BOOSTS,9qE3NdMsBn3ktfjdZoCzFEA2xbHajwbqsrMr47bFzfK2,solana,pumpfun,,0,False,0,0,7.5,0,0,1,100,False,0,0,False,0,sin web ni redes enlazadas en DexScreener,liquidez no reportada por DexScreener (par cotizado contra un token no estándar),https://dexscreener.com/solana/gosy7wrer2975kcevbpfiszwutaumewhhbtebbvmzwt9,2026-09-18T11:38:07Z,False,"liquidez < $3,000"
Jev,4Lg6Aa2avmGN8oDVM1RxDkC5BLgcChsbbYQG9vTsq2Ce,solana,pumpfun,0.000003974,0,False,3974.56,30193.64,0.4,5.08,0,1,100,False,0,3,True,1,web verificada OK (https://www.twitch.tv/jevplaysminecraft); redes enlazadas: twitter (1),liquidez no reportada por DexScreener (par cotizado contra un token no estándar),https://dexscreener.com/solana/cxaqps3iehopxe5d4n8cff2znkhjx6kuaudu2vkpwqxn,2026-09-18T11:38:14Z,False,"liquidez < $3,000"
TIGRINO,CyX5n8dGfTaRrRxQJ5KxxpwkDrWeoRLAVN3PfcDQmb9a,solana,pumpfun,0.000003323,0,False,3323.85,60723.27,0.6,4.93,0,1,100,False,0,3,True,1,web verificada OK (https://www.theguardian.com/world/2026/sep/17/new-cat-species-identified-bolivia); redes enlazadas: twitter (1),liquidez no reportada por DexScreener (par cotizado contra un token no estándar),https://dexscreener.com/solana/ebuss3ug1u7e2yqwp4xuac4mnbfy2puvqd6djgkj5hpl,2026-09-18T11:38:15Z,False,"liquidez < $3,000"
GPU,CRkx9U74JHvuMubwVgR235a3v3uN4xrnA6EeRd9Ypump,solana,pumpfun,,0,False,0,0,1.1,0,0,1,100,False,0,3,True,1,web verificada OK (https://en.wikipedia.org/wiki/Graphics_processing_unit); redes enlazadas: twitter (1),liquidez no reportada por DexScreener (par cotizado contra un token no estándar),https://dexscreener.com/solana/g7l4ox4ejoctufk5dcwmuj45wnyzewikmmy2m2vm13za,2026-09-18T11:38:20Z,False,"liquidez < $3,000"
KNICKS,CApNcLD7V9YqnEiirpCz9MMPHdw57gbbx5bB9xagSeKv,solana,pumpfun,0.000004039,0,False,4039.87,39264.76,1.4,-47.7,0,1,100,False,0,3,True,1,web verificada OK (https://pump.fun/landing); redes enlazadas: twitter (1),liquidez no reportada por DexScreener (par cotizado contra un token no estándar),https://dexscreener.com/solana/hxgce42fiegqpuyo8tdj9qutyrc8dzukbyjmijc2dccf,2026-09-18T11:38:24Z,False,"liquidez < $3,000"
